{"sane": true, "normalizes": true, "range": true, "log_prob": -1193.0983693897724, "avg_log_prob": -2.3861967387795446, "perplexity": 10.87206590551035}